,ACAd,ACA,ACB,TC,AId,GU,AIp,MD,DpM,AUD,BLAp,BLAa,BMA,CEA,CLA,COA,CP,PRN,Hipp,ECT,ENTl,ENT,EPd,EP,MRN,LD,CT,LS,MM,MOp,MOs,M,PT,MS,OB,ORBm,ORBvl,OT,PAG,PS,PERI,PIR,PL,VL,RSP,VM,SC,SI,SN,SSs,SSp,SSp-b,SUM,TEa,VISC,VIS,VISp,VTA
ACAd,1.235866576,0.889923376,0.018271039,0.000660112,0.054939467,0.035820753,0.028762607,0.006407907,3.76426E-05,0.002158007,0.000299393,0.000796408,8.87178E-05,0,0.127139706,0,0.048223744,0.019212296,0.000275249,0.027993921,0.061552144,0.031665006,0.011081728,0.005540864,0.000358971,0.002842009,0.002708652,0.005678875,0,0,0.465841041,0.232920521,0,0.000931886,0.013407702,0.064755149,0.117510812,0.003081222,0.127840625,0.003093092,0.034521558,0.02124255,0.18170917,0.041169411,0.199695724,0.000146329,0,0,0,0,0,0.007516792,0,0.009653682,0.009247395,0.028086029,0.010584145,0.017643567
ACA,0.617933288,0.606396371,0.00913552,0.002279021,0.027469733,0.019302713,0.014381304,0.003626844,0.001984038,0.001079004,0.000149697,0.000398204,4.43589E-05,0,0.063569853,0,0.426656996,0.027307478,0.000137625,0.01399696,0.030776072,0.015832503,0.005540864,0.002770432,0.001626669,0.002256389,7.13436E-05,0.002839437,0.002153673,0,0.232920521,0.11646026,0.000896143,0.000465943,0.006703851,0.032377575,0.061792191,0.001540611,0.106485249,0.001546546,0.017260779,0.010621275,0.110430765,0.020847081,0.099847862,0.001560321,0.011269783,0,0.000384521,0.00204228,0.00060581,0.003758396,0.007005743,0.004826841,0.005924506,0.014043015,0.005292073,0.008901907
ACB,0,0,0.003086047,0,0.000406839,0.000705754,0.000639729,0.000193313,0,0.000138615,0,8.05905E-05,0.0002943,0,0,0,0,0,0,0,0,0,0.005887764,0.003320935,0.000386233,0,1.15329E-05,0,0,0,0,0,0,0,0.037214315,0.001514087,6.721E-06,0,0,0,0,0.02596831,0,0.001012637,0,2.71295E-05,0.000487826,0,0.000275105,0.001555504,0.00041705,0.000232068,0,4.34706E-05,0.000278225,0,1.62717E-05,0.001795182
TC,0,0,0,0.076012241,0,0,0,0.007912739,0.038351608,0,0.01822359,0.018861439,0.017804779,0.02434112,0,0.015771648,0,0.006666672,0,0,0,0,0,0.001235092,0.040089603,0.001706429,0.003728946,0.036275028,0.002626944,0,0,0,0.004094474,0.028453505,0,0,0,0,0.332751132,0,0,0,0,0.023391839,0,0.002425493,0.11531073,0.058896026,0.001124887,0.000699749,0.000363983,0.000245449,0.007858629,0.000278448,0,0,0,0.014373452
AId,0.023023335,0.011511667,0.166888128,0,0.946155474,0.430616628,0.081325313,0.00503636,0.000623354,0,0.040021823,0.020733567,0.000147373,0.014230873,0.128302233,0,1.771004351,0,0,0.008942621,0,0,0,0.001245914,0,0,0.002568412,0.009533253,0,0.416081718,0.218006034,0.317043876,3.62863E-05,0,0,0.057212176,0.026277701,0.004560267,0,0,0.009386009,0,0.097798615,0,0,0,0,0.008734526,0.000644372,0.017643505,0.011328874,0,0,0,0.066155633,0,0,0
GU,0.071063221,0.039660864,0.163496314,0.001059093,0.356866796,0.250706559,0.027108438,0.022646639,0.002740682,0.005046896,0.013340608,0.007955126,0.000185556,0.004743624,0.043238526,0,0.813333614,0.000878359,0.000651276,0.020132473,0.008821635,0.004574679,0.014168761,0.007499685,0.002756208,0,0.000942087,0.004436236,4.40574E-05,0.23825275,0.258230167,0.248241458,3.50566E-05,0.001575834,0.004354814,0.107843028,0.172651583,0.025406094,0.102081199,0.000488492,0.00312867,0.065990628,0.123696805,0.014262404,0.000594789,0.006097926,0.001983263,0.019797977,0.00059652,0.005881168,0.024989052,0.000785032,0.001308872,0.036506768,0.022051878,0,4.45074E-05,0.001548775
AIp,0.003205254,0.001602627,0.177784612,0.00499579,0.167489945,0.085401492,0.028266977,0.020533602,0.003305208,0.004305727,0.071266807,0.03980966,0.001438774,0.100754965,0.002504076,0.001441749,0,0.000324947,0,0,0.064461695,0.032230847,0.034289016,0.025127803,0.00333228,0,0.001166328,0,0,0,0,0,2.75549E-06,0,0,0,0,0,0.079312929,2.94458E-05,0.02851683,0.030741591,0.001661203,0.020465739,0,0.00485771,0,0.037910779,0.001474258,0,0,0,0.001663074,0,0,0,0,0.008580341
MD,0.016277789,0.018834743,0.485044995,0.050110956,0.097836727,0.070927469,0.054211849,0.030251517,0.028116795,0.001241907,0.051375587,0.030121711,0.010655087,0.034037879,0.049753896,0.004751196,0.439021195,0.197342789,0,0.014588196,0.055129942,0.035710156,0.025928375,0.015263701,0.025410322,0,0.000431341,0.011774301,0.012148434,0,0.002812283,0.001406142,0.001062954,0,0.027702692,0.052704424,0.022675201,0.109224022,0.438185976,0.003296209,0.007217961,0.014257951,0.050198098,0.052599492,0.006854323,0.027565,0.024773902,0.100800308,0.003874819,0.007668049,0.002004279,0.00168562,0.039488938,0.004632652,0.013371579,0.002428529,0.001993207,0.134788874
DpM,0,0,0,0.000942072,0,0,0,0.004546783,0.074429152,5.63053E-05,0,0,0,0,0,0,0,0.006105006,0,0,0,0,0,0,0.047184028,0,0.004202113,0.000155815,0,0,0,0,0.007228381,0,0,0,0,0,0.059496342,0,0,0,0,0.004719895,0,0.006956214,0.059540673,0,0.000453415,0.000889819,0.000287887,0.000160994,5.61488E-05,0,2.6011E-05,0,0,0.00509696
AUD,0.00125425,0.000746356,0.034612244,0.000549127,0.009237747,0.009704462,0.024997542,0.001761592,0.002330368,0.266098204,0.005782465,0.0061386,0.000492788,0.001464571,0.012467414,0.000709909,0.208709868,0.00152155,0.010719703,0.053436503,0.043327671,0.021735514,0.00987528,0.005143238,0.004540564,1.80004E-05,0.000160523,0.000259061,1.1234E-05,0.01552229,0.022021516,0.018771903,0.000215455,0,0.005034774,0.00310305,0.007398887,0.018309292,0.038476393,2.76325E-05,0.037772746,0.023808419,0.004284117,0.005697089,0,0.000294176,0.011385002,0.010116054,0.000146599,0.004939486,0.002765135,0.057591721,1.00451E-05,0.13510341,0.026271013,0.030328499,0.009967196,0.000623639
BLAp,0.038921902,0.029137849,0.575333181,0.001461777,0.071484712,0.060952054,0.06945206,0,0,0.011046229,0.156631361,0.089659484,0.001562859,0.030326735,0.085736315,0,2.054216654,0,0.000240166,0.064111838,0.030638723,0.016187431,0.110993374,0.062430877,0,0,0,0.00410876,0,0.016260585,0.065950188,0.041105387,0,0.002542278,0.020901579,0.029381832,0.025085766,0.426472534,0.000123966,0.000876459,0.021027628,0.089579072,0.056005098,0,0.000523259,0,0.000167163,0.231554807,0.000219132,0.007343604,0.003395008,0.000404141,0,0.076254761,0.014287838,0.001961946,0.001041355,0
BLAa,0.019460951,0.014568925,0.287666591,0.000730888,0.035742356,0.030476027,0.03472603,1.11139E-05,0,0.005523114,0.07831568,0.044829742,0.00114416,0.015163367,0.042868158,0,1.027108327,0,0.000120083,0.032055919,0.015319362,0.008093715,0.055496687,0.031215438,0,3.22487E-05,0,0.00205438,0,0.008130292,0.032975094,0.020552693,1.52624E-05,0.001271139,0.01045079,0.014690916,0.012542883,0.213236267,6.19829E-05,0.00043823,0.010513814,0.044789536,0.028002549,0,0.00026163,0,8.35817E-05,0.115777404,0.000109566,0.003671802,0.001697504,0.00020207,1.25429E-05,0.038127381,0.007143919,0.000980973,0.000520677,0
BMA,0,0,0.139857886,0.006192443,0,0,0,0.002107184,0,0,0,0.002755636,0.030262734,0.012495225,0,0.051114036,0,5.08225E-05,0.000949097,0.005422837,0.016950545,0.008475272,0.006801705,0.005937814,2.68721E-05,1.12019E-07,6.74028E-07,0.010571323,0,0,0,0,4.73873E-06,0.010927522,0.033802483,0.001523397,0.00745311,0.106477031,0.001503639,0,0.007277917,0.050304873,0,0.002885537,0,2.78204E-05,3.19731E-05,0.054738726,5.85616E-06,0,1.28849E-05,0,0.000508895,0,0,0,5.83444E-07,0.000265181
CEA,0.005053951,0.002749886,0.387689087,0,0.026166441,0.024971262,0.032660985,0.000575754,0,0.001950478,0.062224009,0.035795475,3.83856E-07,0.020443391,0.017605452,0,0.790790361,5.24008E-07,0.00083812,0.034552866,0.009303533,0.005355312,0.048829006,0.027539845,0,5.08149E-06,0,0.000160873,0.001932989,0.010679465,0.022745775,0.01671262,0,0,0.008041823,0.014372807,0.004720599,0.317143488,0,0.000625189,0.012837134,0.048824165,0.018271858,0.002969737,0.001779582,0,0.000328711,0.199203914,0.000481988,0.014640064,0.00443644,0.00391431,0.003583372,0.029940224,0.008705055,0.002286787,0.001477671,0
CLA,0.018163201,0.041819693,0,0.009258466,0,0,0,0.101664669,0,0,0,0,0,0,0,0,0,0,0,0,0,0,0,0,0.000258042,0,0.003032798,0.001465227,0.000163512,0,0,0,0,0,0,0,0,0,0.062145524,0.000360719,0,0,0,0.124982279,0.003307867,0.015130967,0,0,0,0,0,0,0.001028528,0,0,0,0,0.012503076
COA,0,0,0,0,0,0,0,0,0,0,0,0,0.044511928,0.000403017,0,0.147075727,0,0,9.54044E-05,0,0,0,0,0,8.44828E-06,0,1.12684E-06,0,0,0,0,0,0,0.0010065,0,0,0,0,0,0,0,0,0,0,0,0.000116403,6.019E-05,0,2.00997E-05,0,4.08395E-07,0,0,0,0,0,0,0
CP,0,0,0,4.1192E-05,0,0,0,6.73081E-06,0,0,0,0,3.39221E-05,0,0,0,0,0,0.000268871,0,0,0,0,0,1.91891E-05,0,2.19729E-07,8.73885E-05,0,0,0,0,0,0,0,0,0,0,0,9.62913E-05,0,0,0,0,5.91236E-05,0,0.000179201,0,0.000160877,0,0,0,0,0,0,0,4.77092E-06,0
PRN,0.007005689,0.006030805,0,0.016318172,0.002826325,0.002360109,0.002130338,0.004437384,0.020557499,0.001752045,0,0.000535726,0.000405594,0,0.003508781,0.000304037,0,0.043933673,0.055487776,0.005962777,0.027193535,0.023725907,0.002271172,0.001135586,0.020783875,0.00059822,6.74605E-05,0.017474997,0.012537561,0.013118057,0.017878926,0.015498491,0.000557695,0.027254052,0.008522049,0.002607303,0.003836361,0,0.145961672,0.001317207,0.003073542,0.005212616,0.003675375,0.007139133,0.001075471,0.001342896,0.013167019,0,0.001611794,0.001446697,0.001225789,0.005000698,0.010924546,0.002562863,0.0005542,0.001128814,0.000479289,0.043819381
Hipp,0.000744737,0.000534353,0.001238829,0.00033344,0.000200873,0.000130879,0.000163041,7.48089E-05,0,0,0.000365614,0.000213716,4.23778E-05,0,4.01447E-06,6.82167E-05,0,0,0.554807583,0,0,0,5.5197E-05,5.54243E-05,8.39331E-05,0.014902222,0.001598666,0.117594491,8.10042E-05,0,0,0,0,0.036075098,2.9522E-05,0.000253567,2.00671E-05,0.001050712,0,0.000724096,0.000111406,0.000615348,0.000266534,0.000327621,0.001771373,0.000169612,0.000630443,0.000576454,0.0005322,0,3.49752E-06,0.00050761,0.00033751,0,1.1811E-05,0,0,0
ECT,0,0,0.024868791,6.29422E-05,0,0.002352374,0,0.000163451,5.06553E-05,0.009263567,0,0.002733012,2.94194E-06,4.36386E-05,0,0,0,0,0.012730725,0.082018279,0.060267326,0.030133663,0.008788878,0.004394439,0.000741598,0,5.67459E-06,0,0,0,0,0,0.000335808,0.002202157,0.004634247,0.003381231,0.001627618,0.009939772,0.046346299,0.000221119,0,0.005260481,0.004955998,0.004841966,0,0,0.004164115,0.009999318,0,0,0,0.001204682,0,0,0,0,0,0
ENTl,0.014098146,0.014869325,0.160485859,0,0,0.001481203,0.006134699,0.000107374,0,0.002191012,0.022410123,0.011478131,0.003572212,0.001586087,0.000324518,0.007105787,0,0,0.039146588,0.025303964,0.23100645,0.139358414,0.013778162,0.009109745,0,0.000423927,4.91164E-06,0.007540041,0,0,0.016193008,0.008096504,0,0.011044586,0.038999544,0.000842642,0.003451057,0.083676072,0,0.003271566,0.019932619,0.059373818,0.002437286,0,0.003980499,1.46629E-06,0.000134608,0.036637577,9.44893E-05,0,0,0.004166524,0,0.010230317,0,0.009320716,0.003606763,9.36974E-05
ENT,0.007049073,0.007434662,0.08024293,0,0,0.000740602,0.00306735,0.000124939,0,0.001095506,0.011205061,0.005739065,0.001786106,0.000793044,0.000162259,0.003552893,0,0,0.060201094,0.012651982,0.13651629,0.126072774,0.006889081,0.004554872,0,0.001945015,3.02428E-05,0.003827341,0,0,0.008096504,0.004048252,0,0.008765549,0.019499772,0.000421321,0.001946927,0.041838036,0,0.00736316,0.009966309,0.029686909,0.001218643,0,0.00199025,5.79297E-06,6.73039E-05,0.018318789,4.72447E-05,0,0,0.002083262,0,0.005115158,0,0.004660358,0.001803382,4.68487E-05
EPd,0,0.00233915,0,0.00055669,0,0,0,0.006502987,0,0,0,0,0.001525325,0,0,0.003300333,0,9.22001E-05,0,0,0,0,0,0,0,0.000152557,1.46425E-05,7.91093E-05,0.001245929,0,0,0,4.11848E-05,0,0,0,0,0,0,1.30121E-07,0,0,0,0.003241381,0.001708938,0.00030344,0,0,5.53023E-05,0,0,0,0.000434692,0,0,0,0,5.09411E-05
EP,0,0.001169575,0,0.000867669,0,0,0,0.004467559,0.006788376,0,0,0,0.000762662,0,0,0.001650166,0,8.69617E-05,0.000400278,0,0,0,0,0,0.007619072,0.000208184,0.001238135,0.005491199,0.000622964,0,0,0,0.00014729,0,0.004908806,0,0,0,0.011095262,8.63393E-05,0,0,0,0.002151122,0.000854469,0.00015172,0.009786944,0,0.000332066,0,0,0,0.000217346,0,0,0,4.38348E-05,0.003048223
MRN,0,0,0.001041223,0.030046589,0.001143291,0.001053195,0.000119655,0.003359032,0.094675476,0.000190916,3.70417E-05,1.85208E-05,0.000515819,0.001434244,0.002837056,4.54094E-06,0.041675367,0.138210578,0.002439113,0,0,0,0.001014512,0.000507256,0.159707878,0,0.00766712,0.003951873,0.000346371,0.004774548,0,0.002387274,0.003795951,0,0.000946024,0.000220737,0.000269582,0.000895109,0.983015726,0.000121915,0,0.000946301,0.000229504,0.006657846,0,0.001641622,0.57448384,0.014637842,0.019723337,0.001797527,0.001298774,0.000366325,8.99185E-05,0,0.000841099,0,8.43145E-05,0.020853204
LD,0.00468059,0.024228698,0,0.000233396,0,0,0,1.07026E-05,6.45966E-05,0.000180522,0,0,0.000363169,0,0,0.000578221,0,0,0,0,0,9.49724E-05,0,0,0.000249333,0,0.000168794,0.00023415,0,0,0,0,6.40876E-05,0,0.001435926,0,0.001159926,0.002330208,0.005682844,0.000646843,0,0.002800699,0.001108316,0,0.020964697,0,0.00156446,0,0.001117819,0,0,0,0,0,0,0,0.000124813,6.81703E-06
CT,0.007241473,0.005376422,0,0.003323796,0.000954208,0.000884925,0.000483228,0.006324532,0.016749058,0.000428002,0,2.96735E-06,0.000286032,8.88355E-05,3.26034E-06,0.000493542,0,0.001562708,0.036475666,0.001543759,0.001397993,0.001121311,0.000172827,9.21266E-05,0.009979783,0.013368602,0.011737745,0.004428854,0.000360569,0.000976955,0.001825047,0.001401001,0.009009864,0.002658401,0.001291746,1.92715E-05,0.000300004,0.003065914,0.142964319,0.000616885,0.000453544,0.005351133,0.000343105,0.025559844,0.000755375,0.002523068,0.107989358,0.000584298,0.000459589,0.002359982,0.001002897,0.000977565,0.003399781,0.000360878,0.000850628,0,4.77526E-05,0.009445258
LS,0,0,0.000738023,0,0,0,0,0.006965111,0.004761947,1.74355E-05,0,0,0,0.00145973,0,0,0,0.006884543,0,0,0,0,0,5.49859E-05,0.004714682,0,6.24247E-05,0.013570208,0,0,0,0,0.000387339,0.057428814,0.001396904,9.5619E-05,0,0.001229205,0.051910554,0,0,0.00221326,0,0.007838858,0,0.000221643,0.000220088,0.022844858,0.000337024,1.45972E-05,8.68568E-05,0.000619682,0.004980162,0,0,0,0,0.01172709
MM,0.028436253,0.023807908,0,0.053904545,0.004626628,0.001606903,0.00346247,0.045775108,0.007961155,0.000283353,0,0,0.007393565,0,0.004120019,0.035331942,0,0.026198732,0.515690201,0,0.031820653,0.029884499,0,0,0.003246864,0.010188788,0.000915859,0.157421399,0.005318618,0,0,0,0.006502002,0.449547687,0,0,0,0,0.276170468,0.029298877,0,0,0,0.035191995,0.048946674,0.00067608,0.005617471,0,0,0,9.82687E-05,0.000106973,0.00409588,0.002605627,0,0.000916107,0.000934511,0.029656902
MOp,0,0.001075968,0.013874926,8.80219E-05,0.009079535,0.050920109,0.00886303,0.011857174,0.018426424,0.005874362,0.002778701,0.001639363,3.02617E-05,0.007396606,0.047539812,0,2.288189483,0.01254229,0.00015428,0.010853554,0,3.36766E-05,0.012548078,0.006623218,0.017971523,0,0.002021292,0.002563829,0,1.270528277,0.113509838,0.692019058,5.72367E-05,0,0,0,0.000666069,0,0.022793144,0.000113791,0.004215971,0,0,0.001630308,0.001468544,0.023033419,0.012522021,0.00577322,0.003173982,0.269586929,0.233005462,0.080424377,0,0.013426691,0.06992871,0.00020053,4.02665E-05,0.00266191
MOs,0.010709341,0.00535467,0.080527803,0.00092696,0.04560555,0.035334569,0.009217311,0.005916834,0.011803454,0.012760461,0.006794917,0.004040301,7.80175E-05,4.84485E-06,0.071634048,0.000193041,1.287762257,0.019285654,4.55617E-05,0.042187391,0.066811644,0.033820103,0.03090431,0.015608079,0.010417734,0.000753902,0.000130453,0.003599488,7.03232E-05,0.327831651,1.023854028,0.675842839,0.000252496,0,0.018160104,0.006077473,0.074006337,0.006566993,0.081296777,0.000886661,0.042515106,0.059653591,0.00618628,0.010696039,0.011958783,0.002852854,0.018714702,0.004198761,0.001054344,0,0,0.023061669,0.001030222,0.027557851,0.006206388,0.010744068,0.00525451,0.004238566
M,0.00535467,0.003215319,0.047201364,0.000507491,0.027342542,0.043127339,0.00904017,0.008887004,0.015114939,0.009317411,0.004786809,0.002839832,5.41396E-05,0.003700725,0.05958693,9.65204E-05,1.78797587,0.015913972,9.99206E-05,0.026520473,0.033405822,0.01692689,0.021726194,0.011115648,0.014194628,0.000376951,0.001066138,0.003081659,3.51616E-05,0.799179964,0.568681933,0.683930949,0.000154866,0,0.009080052,0.003038736,0.037336203,0.003283496,0.05204496,0.000500226,0.023365538,0.029826796,0.00309314,0.006163173,0.006713663,0.012943137,0.015618361,0.00498599,0.002114163,0.134793465,0.116502731,0.051743023,0.000515111,0.020492271,0.038067549,0.005472299,0.002647388,0.003450238
PT,0,0,0,0.00126817,0,0,0,0.004665452,0.114572747,0,0,0,0,0,0,0,0,0.018315019,0,0,0,0,0,0,0.099188388,0,0.003905174,0,0,0,0,0,0.004161962,0,0,0,0,0,0.178489027,0,0,0,0,0.007457474,0,0.004614446,0.17862202,0,0.001360246,0,5.81648E-06,2.60552E-05,0.000168446,0,7.80331E-05,0,0,0.015290881
MS,0.000102794,0.000222614,0,0.003485447,0,0,0.000347091,0.002074457,0.041079817,2.58002E-05,0,0,3.24118E-06,1.13186E-05,0,1.62059E-05,0,0.000577261,1.41817E-05,0,0,0,0,6.06775E-06,0.039105576,0.005339317,0.002037402,8.44045E-05,0,0,0,0,0.000505942,0,3.31118E-05,0,2.43868E-05,0,0.333328084,0,0,0,3.97959E-05,0.000642379,0,0.013079029,0.006958078,0,0.000367732,0,0,0,0,0,0,0,0,0.006401021
OB,0.125300767,0.062650384,0,0.0028283,0.069328703,0.059237234,0,0.053669144,0.061789465,0,0,0,4.96356E-05,0,0,0,0,0.028973786,0,0,0,0,0,0,0.05710653,0,0.002820899,0.000980729,0,0,0.834262633,0.417131317,0.000101031,0,0.001572361,0.049813569,0.317022625,0,0.209969604,2.75517E-06,0,0.004666261,0.06088316,0.042977377,0,0.023460721,0.048754461,0,0.003311115,0,0,0.014131407,0,0,0,0,0,0.030723591
ORBm,0,0,0,0,0.104725285,0.042098392,0,0.011836514,0.013536895,0.01027863,0,0,4.9765E-05,0,0.098972713,0.000196907,0.820282146,0.02347324,3.65398E-05,0.002717813,0,0,0.02176662,0.01088331,0.01521397,0,0.000647348,0.002222635,0,0.274369021,0,0.137184511,0,0,0.02043929,0,0.321540329,0,0,0,0,0.096770524,0,0.027370677,0,0.012648219,0,0,0.000305396,0.019818064,0.013314685,0.023812226,0,0.020008901,0,0.004063048,0.001434893,0
ORBvl,0,0,0.003744822,0,0,1.95635E-05,0,0,0,0,0,0,0,0,0,0,0,0.00029937,0,0,0,0,0.001363979,0.001065432,0,0,0,0,0,0,0,0,0,0.004773854,0.007328715,0,0.002648977,0,0.030852356,0,0,0.012305269,0,0.000223143,0,1.61543E-05,0,0,7.62341E-05,0,0,2.45568E-05,0,0,0,0,0,0.00820807
OT,0,0,0,0.025976551,0,0,0,0.000474927,0,0,0,0,0,0,0,0,0,0,0,0,0,0,0,0,0.000214798,0,0,0,0,0,0,0,0,0,0,0,0,0,0,0,0,0,0,0,0,0,0.000118803,0,0.0005044,0,0.00010996,3.01577E-06,0,0,0,0,0,0
PAG,0,0,0,0,0,0,0,0,0,0,0,0,0,0,0,0,0,0,0.027525452,0,0.111551646,0.404981362,0,0,0,0.001676772,1.25481E-05,0,0,0,0,0,5.35633E-07,0,0,0,0,0,0,0.139157831,0,0,0,0,0,0,0,0,0.000193495,0,0,0,0,0,0,0,0,0
PS,0,0,0,0,0,0,0.000189738,0.001019752,0,0,0,0,0,0,3.17508E-05,0,0,0,0,0,0,0,0,0,0,0,0,0,0,0.000632393,0,0.000316196,0,0,0.000190831,0,1.59188E-05,0,0,0,0,0,0,0.000573996,0,0.001496679,0,0,0,0,0,0,0,0,0,0,1.20437E-05,0
PERI,0,0,0,0.016275232,0,0,0,0.00952692,0,0,0,0,0.001187611,0.005462337,0,0,0,0,0,0,0,0,0,0,0,0,0.002003462,0.001486414,0,0,0,0,0,0,0,0,0,0,0,0,0,0.003986212,0,0.004090044,0,0.000392525,0,0,0.001227209,0.002030065,0.000507751,0,0,0,0,0,0,0.006737613
PIR,0,0,0.030440456,3.00837E-05,0.083930862,0.066499971,0.047367274,0.04632204,0,0.000879961,0,0,0.000615071,1.46936E-05,0.223746076,0.000203134,0.519781695,0.001262522,0.00176963,0.003995963,0.056768972,0.029052485,0.08917375,0.044586875,0,0,3.18568E-05,0.000364714,0,0,0,0,0,0,0.054108145,0,0.037121074,0,0.114256856,0.000629631,0.014674123,0.010380696,0.220261642,0.001763131,0,0,0,0,0.002025289,0,0.001532463,0,0.000462542,0.012977986,0.006867649,0,0,0.001980608
PL,0,0,0,0.029919655,0,0,0,0,0,0.000493417,0,0,0,0,0,0,0,0,0,0,0,0,0,0,0,0,0.000167123,0,0,0,0,0,0,0,0,0,0,0,0,0,0,0,0,0,0.003069641,0,0,0,0.037903947,0,0.000176865,0.001319779,0,0.001208536,0,0,0,0
VL,0,0.004478543,0,0.067496604,0.004186518,0.001395506,0.00130966,0.0368238,1.089601743,0.000805773,0.000726562,0.000363281,0.002387502,0.003608879,0,0.002119013,0,0.929409156,0,0,0,0,0,0.000193207,0.962196262,0,0.013458621,0.016464485,0,0,0,0,0.00988197,0,0.000752683,0,0,0,1.888844937,0.00063125,0,0.005100206,0,0.003951158,0.005250863,0.00407399,0.831112907,0.045399708,0.026221734,0.007241327,0.002546621,0.003757642,0,0,0.005387842,0.000195378,0,0.107476346
RSP,0.064992696,0.067619519,0,0.001432025,0.000284441,0.000283443,0.000620152,0.003671798,0,0.001531736,0,0,0.000228352,0.000154696,0.000491922,0.000550927,0,0.03989876,0.000409103,0.015707094,0.011518738,0.008765325,0,0,0.005161603,0,0.000964393,0,0.000219919,0.025922081,0.074797536,0.050359809,0.000302204,0,0.001143616,3.99677E-05,0.000528864,0,0.070769982,0.014147251,0.002657785,0.001014179,0.000299448,0.003705802,0.251697154,8.62682E-05,0.064900369,0,0.00031161,0.00031993,0.000223328,0.001518539,0.000775599,0.017997336,0,0.004565401,0.004149382,0.000973662
VM,0,0,0,0,0,0,0,0.030128171,0,0,0,0,0,0,0,0,0,0,0,0,0,0,0,0,0,0,7.28785E-05,0,0.091130268,0,0,0,0,0,0,0,0,0,0,0,0,0,0,0.001893654,0,0,0,0,0,0,0,0,0,0,0,0,0,0
SC,0,0,0,0,0,0,0,0.001461106,0,0.000290107,0,0,0,0,0,0,0,0,0,0,0,0,0,0,0.000393111,0,0.002998158,0,0,0,0,0,0,0,0,0,0,0,0.126285217,0,0,0,0,0,0,0,0,0,5.87732E-05,0,0,0,0,0,0,0,0,0
SI,0.000504857,0.00155858,2.71874E-06,0.000104907,0.000972826,0.000554179,6.87944E-05,2.17264E-05,0.001390191,0.000165743,1.2575E-06,7.56294E-07,5.99491E-05,0,3.63929E-05,5.79696E-05,0.001813477,0.000145109,0.000635283,0.000142426,0.000225285,0.000159294,1.85231E-05,9.26154E-06,0.001360511,3.92209E-05,5.02595E-06,0.000152493,5.36575E-05,0.000750638,0.000920992,0.000835815,0,6.20862E-06,0.000650767,3.95225E-05,0.000178892,0.000699784,0,0.00029224,0.000105532,0.000754479,0.00030532,0,0.001308539,0.000198354,0,6.69141E-05,0.000204289,0.001368386,0.000544343,0.000562825,2.76655E-05,7.56082E-05,0.000717446,0.00016217,0.000287092,0.000178125
SN,0.006622235,0.003311117,0.00345085,0,0,0.001666276,0.016657246,0,0,0.002135624,0,0,0,0,0,0,0,0,0,0.013703132,0.024337397,0.014636611,0,0.001989318,0,0,3.79387E-05,0.006732241,0,0,0,0,0,0,0.008441076,0,0,0.054050752,0,0,0.017552682,0.109314147,0,0,0,0,0,0,0,0,0,0.003285776,0,0.019224281,0.00012015,0,0,0
SSs,0,0.000538045,0.001638911,2.70792E-05,0.003442784,0.017897205,0.014846793,0.000129104,0.000343024,0.006719446,0.000249339,0.00017352,3.60941E-05,0.001512154,0.013045648,5.24794E-05,0.446540886,0.001256304,0.001388187,0.01867876,0.003744483,0.00189348,0.002967047,0.001527088,0.000350373,6.17694E-06,7.97238E-05,0.005761608,0,0.226925626,0.065177326,0.146051476,6.51472E-07,0,0.000172186,0,0,0,0,1.66686E-05,0.016429378,0.00242834,0,0.000285999,0,0.001526638,4.17785E-05,0.000624404,9.61535E-06,0.345058776,0.248186326,0.053111251,0,0.017584586,0.109260601,3.92484E-06,1.14895E-05,3.87959E-05
SSp,0.011617321,0.009268185,0.006616777,0.000138316,0.000863374,0.001482245,0.006224786,0.000293873,0.000620117,0.044737406,0,5.54651E-05,2.54905E-05,0,0.004141912,0,0.038399647,0.004515677,0.003091724,0.025108124,0.025695924,0.012936491,0.00187455,0.000937275,0.001217794,1.45087E-05,1.26853E-05,9.63146E-05,2.02891E-05,0.009541123,0.016664869,0.013102996,2.38845E-05,0.000161621,0.000596134,0.000540045,0.005449816,0,0.026444675,0.00025908,0.022695025,0.014660331,0.001939492,0.003486345,0.00335443,5.41995E-05,0.002643277,0,4.5311E-05,0.003961367,0.000990342,0.181444336,4.60063E-06,0.038981154,0,0.007635303,0.002770444,0.00014124
SSp-b,0,0,0,0.007729771,0,0.000165538,0,0.036818477,0.487574568,0,0,0,0.000769391,0,0,0.002579916,0,0.054975402,0,0,0.004289802,0.002144901,0,0,0.431140422,0.00425981,0.009237263,0,0,0,0,0,0.023464772,0,0,0,0,0,1.065474142,0.000305957,0,0.001436345,0,0.105706395,0,0.028486934,0.660520243,0,0.027404251,0.002401863,0.000689278,0.000177743,0.002545591,0,0.000751726,0,0,0.172590158
SUM,0,0,0,0,0,0,0.001512156,0,0,0,0.00171904,0.00085952,0.000155949,0,0,0,0,0,0,0,0,0.000498886,0,8.55268E-05,0,0,0,0,0,0,0,0,0,0,0,0,0,0,0,0,0,0,0,0,0,0.007488863,0,0,0,0,0,0,0,0,0,0.000595744,0.000595744,0
TEa,0,0,0,0,0,0,0,0,0,0,0,0,0,0,0,0,0,0,0,0,0,0,0,0,1.6968E-05,0,1.67937E-05,0,0,0,0,0,0,0,0,0,0,0,0,2.68601E-05,0,0,0,0,0,0,5.34333E-05,0,0.000114761,0.000188604,7.29482E-05,0.000111724,0,0,0,0,0,0
VISC,0.016685417,0.016706689,0,0.000211599,0.000508198,0.000566716,0.000276,3.93215E-05,0,0.019107461,0,0,5.4546E-05,0,0.000118832,7.55815E-06,0.131850649,0,0,0,0,0,0,0,0.000429511,0,3.5814E-05,0.000158179,0,0,0.002202552,0.001101276,0,0,0,0.000139506,0.000183615,0.001378654,0,0,0,0.001571375,0,0.000136949,0.007945366,3.78014E-05,0,0,0.000203857,0,0.000285329,3.14537E-05,0,0,0.000445626,0.060769204,0.016950721,0.00015272
VIS,0.005240417,0.00580787,0.000552006,0.004034316,0,0,0,0.001835589,0,0,0,0,3.7763E-05,0,0,0,0.007778207,0.03418486,0.000605145,0,0.013075874,0.009638936,0,0,0.003716773,3.87865E-05,0.000630174,0.001032877,0.000467494,0,0.001979597,0.000989799,0.000237362,0.000101924,0.000432616,1.70185E-05,0.000177846,0.000418397,0.04104741,0.005696032,0.000237973,0,8.07906E-05,0.001358542,0.020407318,2.45871E-06,0.063691317,0.001460798,0.000631791,0,0,2.0703E-05,0.000108494,0.014993256,0,0.080946693,0.143403825,7.11252E-06
VISp,0,9.88809E-05,0,9.98878E-05,0,0,0,0,0,0,0,0,3.65967E-05,0,0,0,0,0,0,0,0.038700477,0.028360993,0,0,0,0.00011636,6.8156E-05,0.000475229,0,0,0,0,1.73439E-05,0,0,0,0,0,0,0.015715715,0,0,0,0,0.047338532,0,0.020195218,0,0,0,0,0,0,0.044979769,0,0.153052764,0.367447555,2.13376E-05
VTA,0,0,0,0.000398982,0.000716313,0.00066423,0.00068437,0.001354802,0,0.000564608,0,2.6719E-05,0.000569394,0.000274153,1.17958E-05,0.001456539,0.001068939,0.00132465,0.000803176,0.001212693,0.001959573,0.001808188,0,0,0,0.000202988,0.000104882,1.31646E-05,0.000985328,0.000293195,0.001531268,0.000912232,0,0,0.000487109,0,4.05707E-05,0.002912015,0,0.000444576,0.000587847,0.002616125,4.55913E-06,0,0.001048555,0.000658108,0.000351881,0,0,0.002955987,0.001288051,0.001253019,0.00024836,0.000570157,0.000600803,0.000873103,0.000957923,0